tablename,policyname,cmd,roles,permissive,qual,with_check
booking_events,booking_events_insert,INSERT,{authenticated},PERMISSIVE,(none),true
booking_locations,booking_locations_insert,INSERT,{authenticated},PERMISSIVE,(none),true
login_attempts,Service can insert login attempts,INSERT,{public},PERMISSIVE,(none),true
otp_rate_limits,Service can insert rate limits,INSERT,{public},PERMISSIVE,(none),true
otp_verifications,Users can insert OTP verifications,INSERT,{public},PERMISSIVE,(none),true
user_roles,Service can insert roles,INSERT,{public},PERMISSIVE,(none),true
about_us,about_us_public_read,SELECT,{public},PERMISSIVE,true,(none)
admin_event_package_inclusions,admin_event_package_inclusions_customer_view,SELECT,{public},PERMISSIVE,true,(none)
anchor_addons,anchor_addons_read,SELECT,{public},PERMISSIVE,true,(none)
anchor_gallery,anchor_gallery_read,SELECT,{public},PERMISSIVE,true,(none)
artist_categories,Everyone can view categories,SELECT,{public},PERMISSIVE,true,(none)
auth_promotional_config,auth_promotional_config_select,SELECT,{public},PERMISSIVE,true,(none)
band_addons,band_addons_read,SELECT,{public},PERMISSIVE,true,(none)
band_categories,band_categories_read,SELECT,{public},PERMISSIVE,true,(none)
band_gallery,band_gallery_read,SELECT,{public},PERMISSIVE,true,(none)
booking_events,booking_events_read,SELECT,{authenticated},PERMISSIVE,true,(none)
booking_locations,booking_locations_read,SELECT,{authenticated},PERMISSIVE,true,(none)
catering_addons,catering_addons_read,SELECT,{public},PERMISSIVE,true,(none)
catering_gallery,catering_gallery_read,SELECT,{public},PERMISSIVE,true,(none)
catering_menu_items,catering_items_read,SELECT,{public},PERMISSIVE,true,(none)
catering_menu_sections,catering_sections_read,SELECT,{public},PERMISSIVE,true,(none)
dancer_addons,dancer_addons_public_read,SELECT,{public},PERMISSIVE,true,(none)
dancer_gallery,dancer_gallery_public_read,SELECT,{public},PERMISSIVE,true,(none)
decorator_addons,decorator_addons_read,SELECT,{public},PERMISSIVE,true,(none)
decorator_gallery,decorator_gallery_read,SELECT,{public},PERMISSIVE,true,(none)
dj_addons,dj_addons_read,SELECT,{public},PERMISSIVE,true,(none)
dj_gallery,dj_gallery_read,SELECT,{public},PERMISSIVE,true,(none)
drone_addons,drone_addons_read,SELECT,{public},PERMISSIVE,true,(none)
drone_gallery,drone_gallery_read,SELECT,{public},PERMISSIVE,true,(none)
event_types,Event types are viewable by everyone,SELECT,{public},PERMISSIVE,true,(none)
favorites,Everyone can view favorites,SELECT,{public},PERMISSIVE,true,(none)
featured_artists,Everyone can view featured artists,SELECT,{public},PERMISSIVE,true,(none)
hall_addons,hall_addons_read,SELECT,{public},PERMISSIVE,true,(none)
hall_gallery,hall_gallery_read,SELECT,{public},PERMISSIVE,true,(none)
login_attempts,All users can view login attempts,SELECT,{public},PERMISSIVE,true,(none)
makeup_addons,makeup_addons_read,SELECT,{public},PERMISSIVE,true,(none)
makeup_gallery,makeup_gallery_read,SELECT,{public},PERMISSIVE,true,(none)
mehendi_addons,mehendi_addons_read,SELECT,{public},PERMISSIVE,true,(none)
mehendi_gallery,mehendi_gallery_read,SELECT,{public},PERMISSIVE,true,(none)
menu_items,menu_public_read,SELECT,{public},PERMISSIVE,true,(none)
otp_verifications,Users can verify OTP,SELECT,{public},PERMISSIVE,true,(none)
photographer_availability,photography_availability_read,SELECT,{public},PERMISSIVE,true,(none)
photography_package_addons,photography_addons_read,SELECT,{public},PERMISSIVE,true,(none)
photography_package_highlights,photography_highlights_read,SELECT,{public},PERMISSIVE,true,(none)
photography_package_reviews,photography_reviews_read,SELECT,{public},PERMISSIVE,true,(none)
platform_analytics,Everyone can view analytics,SELECT,{public},PERMISSIVE,true,(none)
platform_settings,anyone_can_read_settings,SELECT,{public},PERMISSIVE,true,(none)
pooja_services,pooja_public_read,SELECT,{public},PERMISSIVE,true,(none)
portfolio_items,Portfolio items are viewable by everyone,SELECT,{public},PERMISSIVE,true,(none)
pricing_packages,packages_public_read,SELECT,{public},PERMISSIVE,true,(none)
pricing_packages,Everyone can view pricing packages,SELECT,{public},PERMISSIVE,true,(none)
priest_addons,priest_addons_read,SELECT,{public},PERMISSIVE,true,(none)
priest_gallery,priest_gallery_read,SELECT,{public},PERMISSIVE,true,(none)
profiles,Profiles are viewable by everyone,SELECT,{public},PERMISSIVE,true,(none)
provider_availability,Availability is viewable by everyone,SELECT,{public},PERMISSIVE,true,(none)
provider_faqs,faqs_public_read,SELECT,{public},PERMISSIVE,true,(none)
provider_profiles,Provider profiles are viewable by everyone,SELECT,{public},PERMISSIVE,true,(none)
provider_time_slots,Everyone can view time slots,SELECT,{public},PERMISSIVE,true,(none)
rental_addons,rental_addons_read,SELECT,{public},PERMISSIVE,true,(none)
rental_gallery,rental_gallery_read,SELECT,{public},PERMISSIVE,true,(none)
rental_items,rentals_public_read,SELECT,{public},PERMISSIVE,true,(none)
reviews,Reviews are viewable by everyone,SELECT,{public},PERMISSIVE,true,(none)
singer_addons,singer_addons_read,SELECT,{public},PERMISSIVE,true,(none)
singer_gallery,singer_gallery_read,SELECT,{public},PERMISSIVE,true,(none)
subcategories,subcategories_public_read,SELECT,{public},PERMISSIVE,true,(none)
supplier_delivery_settings,delivery_settings_read,SELECT,{public},PERMISSIVE,true,(none)
user_roles,user_roles_read_all,SELECT,{authenticated},PERMISSIVE,true,(none)
vendor_embeddings,embeddings_public_read,SELECT,{public},PERMISSIVE,true,(none)
videography_addons,videography_addons_read,SELECT,{public},PERMISSIVE,true,(none)
videography_gallery,videography_gallery_read,SELECT,{public},PERMISSIVE,true,(none)
water_addons,water_addons_read,SELECT,{public},PERMISSIVE,true,(none)
water_gallery,water_gallery_read,SELECT,{public},PERMISSIVE,true,(none)
water_product_reviews,product_reviews_read,SELECT,{public},PERMISSIVE,true,(none)
otp_verifications,Users can update OTP verifications,UPDATE,{public},PERMISSIVE,true,(none)
