table_name,rls_on,rls_forced,policy_count,anon_select,anon_insert,anon_update,anon_delete
artist_categories,f,f,2,t,t,t,t
bookings,f,f,3,t,t,t,t
menu_items,f,f,2,t,t,t,t
pooja_services,f,f,2,t,t,t,t
pricing_packages,f,f,4,t,t,t,t
profiles,f,f,2,t,t,t,t
provider_faqs,f,f,2,t,t,t,t
provider_profiles,f,f,6,t,t,t,t
rental_items,f,f,2,t,t,t,t
reviews,f,f,2,t,t,t,t
subcategories,f,f,2,t,t,t,t
about_team_members,t,f,5,t,t,t,t
about_us,t,f,4,t,t,t,t
admin_event_package_bookings,t,f,3,t,t,t,t
admin_event_package_discounts,t,f,1,t,t,t,t
admin_event_package_inclusions,t,f,2,t,t,t,t
admin_event_packages,t,f,2,t,t,t,t
ai_conversations,t,f,1,t,t,t,t
ai_message_feedback,t,f,1,t,t,t,t
ai_messages,t,f,1,t,t,t,t
anchor_addons,t,f,2,t,t,t,t
anchor_bookings,t,f,4,t,t,t,t
anchor_gallery,t,f,2,t,t,t,t
anchor_packages,t,f,2,t,t,t,t
artist_bookings,t,f,4,t,t,t,t
audit_log,t,f,2,t,t,t,t
auth_promotion_media,t,f,4,t,t,t,t
auth_promotion_video_views,t,f,4,t,t,t,t
auth_promotion_videos,t,f,4,t,t,t,t
auth_promotional_config,t,f,4,t,t,t,t
band_addons,t,f,2,t,t,t,t
band_bookings,t,f,4,t,t,t,t
band_categories,t,f,1,t,t,t,t
band_gallery,t,f,2,t,t,t,t
band_packages,t,f,2,t,t,t,t
bank_details,t,f,1,t,t,t,t
banquet_bookings,t,f,4,t,t,t,t
banquet_halls,t,f,2,t,t,t,t
booking_cancellations,t,f,4,t,t,t,t
booking_events,t,f,2,t,t,t,t
booking_locations,t,f,2,t,t,t,t
booking_start_otps,t,f,0,f,f,f,f
budget_allocations,t,f,3,t,t,t,t
catering_addons,t,f,2,t,t,t,t
catering_bookings,t,f,4,t,t,t,t
catering_gallery,t,f,2,t,t,t,t
catering_menu_items,t,f,2,t,t,t,t
catering_menu_sections,t,f,2,t,t,t,t
catering_packages,t,f,2,t,t,t,t
commission_tracking,t,f,2,t,t,t,t
dancer_addons,t,f,2,t,t,t,t
dancer_bookings,t,f,3,t,t,t,t
dancer_gallery,t,f,2,t,t,t,t
dancer_packages,t,f,2,t,t,t,t
decorator_addons,t,f,2,t,t,t,t
decorator_bookings,t,f,4,t,t,t,t
decorator_gallery,t,f,2,t,t,t,t
decorator_packages,t,f,2,t,t,t,t
delivery_charges,t,f,1,t,t,t,t
dj_addons,t,f,2,t,t,t,t
dj_bookings,t,f,4,t,t,t,t
dj_gallery,t,f,2,t,t,t,t
dj_packages,t,f,2,t,t,t,t
drone_addons,t,f,2,t,t,t,t
drone_bookings,t,f,3,t,t,t,t
drone_gallery,t,f,2,t,t,t,t
drone_packages,t,f,2,t,t,t,t
event_bookings,t,f,4,t,t,t,t
event_types,t,f,1,t,t,t,t
favorites,t,f,2,t,t,t,t
featured_artists,t,f,2,t,t,t,t
hall_addons,t,f,2,t,t,t,t
hall_gallery,t,f,2,t,t,t,t
invoices,t,f,2,t,t,t,t
login_attempts,t,f,2,t,t,t,t
makeup_addons,t,f,2,t,t,t,t
makeup_bookings,t,f,4,t,t,t,t
makeup_gallery,t,f,2,t,t,t,t
makeup_packages,t,f,2,t,t,t,t
mehendi_addons,t,f,2,t,t,t,t
mehendi_bookings,t,f,4,t,t,t,t
mehendi_gallery,t,f,2,t,t,t,t
mehendi_packages,t,f,2,t,t,t,t
messages,t,f,3,t,t,t,t
notification_settings,t,f,1,t,t,t,t
notifications,t,f,8,t,t,t,t
otp_rate_limits,t,f,1,t,t,t,t
otp_verifications,t,f,3,t,t,t,t
payments,t,f,1,t,t,t,t
photographer_availability,t,f,2,t,t,t,t
photography_albums,t,f,2,t,t,t,t
photography_booking_timeline,t,f,1,t,t,t,t
photography_cart_items,t,f,2,t,t,t,t
photography_carts,t,f,2,t,t,t,t
photography_package_addons,t,f,2,t,t,t,t
photography_package_bookings,t,f,4,t,t,t,t
photography_package_highlights,t,f,2,t,t,t,t
photography_package_images,t,f,2,t,t,t,t
photography_package_invoices,t,f,1,t,t,t,t
photography_package_payments,t,f,1,t,t,t,t
photography_package_reviews,t,f,2,t,t,t,t
photography_packages,t,f,2,t,t,t,t
photography_videography_package_addons,t,f,2,t,t,t,t
photography_videography_package_bookings,t,f,3,t,t,t,t
photography_videography_package_images,t,f,2,t,t,t,t
photography_videography_packages,t,f,5,t,t,t,t
planner_recommendation_candidates,t,f,1,t,t,t,t
planner_recommendation_runs,t,f,1,t,t,t,t
platform_analytics,t,f,2,t,t,t,t
platform_settings,t,f,3,t,t,t,t
portfolio_items,t,f,7,t,t,t,t
priest_addons,t,f,2,t,t,t,t
priest_bookings,t,f,4,t,t,t,t
priest_gallery,t,f,2,t,t,t,t
priest_packages,t,f,2,t,t,t,t
product_order_items,t,f,1,t,t,t,t
product_orders,t,f,1,t,t,t,t
provider_availability,t,f,3,t,t,t,t
provider_calendar,t,f,1,t,t,t,t
provider_time_slots,t,f,2,t,t,t,t
push_subscriptions,t,f,3,t,t,t,t
refresh_tokens,t,f,3,t,t,t,t
rental_addons,t,f,2,t,t,t,t
rental_bookings,t,f,4,t,t,t,t
rental_gallery,t,f,2,t,t,t,t
rental_packages,t,f,2,t,t,t,t
reschedule_requests,t,f,6,t,t,t,t
search_history,t,f,2,t,t,t,t
security_events,t,f,3,t,t,t,t
singer_addons,t,f,2,t,t,t,t
singer_bookings,t,f,4,t,t,t,t
singer_gallery,t,f,2,t,t,t,t
singer_packages,t,f,2,t,t,t,t
supplier_delivery_settings,t,f,2,t,t,t,t
user_roles,t,f,8,t,t,t,t
vendor_cancellations,t,f,4,t,t,t,t
vendor_embeddings,t,f,2,t,t,t,t
vendor_settlements,t,f,5,t,t,t,t
videography_addons,t,f,2,t,t,t,t
videography_bookings,t,f,4,t,t,t,t
videography_gallery,t,f,2,t,t,t,t
videography_packages,t,f,2,t,t,t,t
water_addons,t,f,2,t,t,t,t
water_bookings,t,f,4,t,t,t,t
water_categories,t,f,1,t,t,t,t
water_gallery,t,f,2,t,t,t,t
water_packages,t,f,2,t,t,t,t
water_product_images,t,f,2,t,t,t,t
water_product_reviews,t,f,2,t,t,t,t
water_product_stock,t,f,2,t,t,t,t
water_product_variants,t,f,2,t,t,t,t
water_products,t,f,2,t,t,t,t
worker_bank_accounts,t,f,3,t,t,t,t
worker_documents,t,f,3,t,t,t,t
worker_profiles,t,f,5,t,t,t,t
